run_id,qid,config,model,prompt_version,condition,repeat_idx,category,difficulty,ambiguous,answer_correct,cannot_answer,final_parsed,has_query,syntax_valid,exec_correct,any_exec_correct,last_query_error,last_query_empty,schema_valid,any_schema_invalid,schema_overlap,n_steps,n_queries,n_llm_calls,repeated_query,hit_limit,terminated_reason,input_tokens,output_tokens,tokens,cost_usd,latency_ms,error,failure_stage,faithful,judge_cost_usd
L01|direct|deepseek-v4-pro|direct_v1|normal|0,L01,direct,deepseek-v4-pro,direct_v1,normal,0,lookup,easy,False,True,False,True,True,True,True,True,False,False,True,False,1.0,1,1,2,False,False,final,988,42,1030,0.00147048,2756,,,True,0.00037092
L01|agent|deepseek-v4-pro|agent_v1|normal|0,L01,agent,deepseek-v4-pro,agent_v1,normal,0,lookup,easy,False,True,False,True,True,True,True,True,False,False,True,False,1.0,2,1,3,False,False,final,3157,123,3280,0.00465432,4078,,,True,0.00036432
L02|direct|deepseek-v4-pro|direct_v1|normal|0,L02,direct,deepseek-v4-pro,direct_v1,normal,0,lookup,easy,False,True,False,True,True,True,True,True,False,False,True,False,1.0,1,1,2,False,False,final,992,50,1042,0.0015074399999999999,2834,,,True,0.00039204
L02|agent|deepseek-v4-pro|agent_v1|normal|0,L02,agent,deepseek-v4-pro,agent_v1,normal,0,lookup,easy,False,True,False,True,True,True,True,True,False,False,True,False,1.0,2,1,3,False,False,final,3165,124,3289,0.0046688400000000005,5632,,,True,0.00039336
L03|direct|deepseek-v4-pro|direct_v1|normal|0,L03,direct,deepseek-v4-pro,direct_v1,normal,0,lookup,easy,False,True,False,True,True,True,True,True,False,False,True,False,1.0,1,1,2,False,False,final,994,57,1051,0.0015378000000000002,3163,,,True,0.00039468
L03|agent|deepseek-v4-pro|agent_v1|normal|0,L03,agent,deepseek-v4-pro,agent_v1,normal,0,lookup,easy,False,True,False,True,True,True,True,True,False,False,True,False,1.0,2,1,3,False,False,final,3164,127,3291,0.0046794,4184,,,True,0.00037752
L04|direct|deepseek-v4-pro|direct_v1|normal|0,L04,direct,deepseek-v4-pro,direct_v1,normal,0,lookup,easy,False,True,False,True,True,True,True,True,False,False,True,False,1.0,1,1,2,False,False,final,994,52,1046,0.001518,4114,,,True,0.00039996000000000004
L04|agent|deepseek-v4-pro|agent_v1|normal|0,L04,agent,deepseek-v4-pro,agent_v1,normal,0,lookup,easy,False,True,False,True,True,True,True,True,False,False,True,False,1.0,2,1,3,False,False,final,3168,127,3295,0.00468468,5630,,,True,0.00037488
L05|direct|deepseek-v4-pro|direct_v1|normal|0,L05,direct,deepseek-v4-pro,direct_v1,normal,0,lookup,easy,False,True,False,True,True,True,True,True,False,False,True,False,1.0,1,1,2,False,False,final,995,59,1054,0.00154704,2570,,,True,0.00039732
L05|agent|deepseek-v4-pro|agent_v1|normal|0,L05,agent,deepseek-v4-pro,agent_v1,normal,0,lookup,easy,False,True,False,True,True,True,True,True,False,False,True,False,1.0,2,1,3,False,False,final,3166,127,3293,0.00468204,3629,,,True,0.00039732
L06|direct|deepseek-v4-pro|direct_v1|normal|0,L06,direct,deepseek-v4-pro,direct_v1,normal,0,lookup,easy,False,True,False,True,True,True,True,True,False,False,True,False,1.0,1,1,2,False,False,final,994,50,1044,0.00151008,2804,,,True,0.00038808000000000007
L06|agent|deepseek-v4-pro|agent_v1|normal|0,L06,agent,deepseek-v4-pro,agent_v1,normal,0,lookup,easy,False,True,False,True,True,True,True,True,False,False,True,False,1.0,2,1,3,False,False,final,3165,123,3288,0.00466488,3900,,,True,0.00038676000000000004
L07|direct|deepseek-v4-pro|direct_v1|normal|0,L07,direct,deepseek-v4-pro,direct_v1,normal,0,lookup,easy,False,True,False,True,True,True,True,True,False,False,True,False,1.0,1,1,2,False,False,final,1000,60,1060,0.0015576000000000001,2193,,,True,0.00039732000000000005
L07|agent|deepseek-v4-pro|agent_v1|normal|0,L07,agent,deepseek-v4-pro,agent_v1,normal,0,lookup,easy,False,True,False,True,True,True,True,True,False,False,True,False,1.0,2,1,3,False,False,final,3174,129,3303,0.0047005200000000006,3880,,,True,0.00039864
L08|direct|deepseek-v4-pro|direct_v1|normal|0,L08,direct,deepseek-v4-pro,direct_v1,normal,0,lookup,medium,False,True,False,True,True,True,True,True,False,False,True,False,1.0,1,1,2,False,False,final,991,50,1041,0.0015061200000000001,2387,,,True,0.00037224000000000003
L08|agent|deepseek-v4-pro|agent_v1|normal|0,L08,agent,deepseek-v4-pro,agent_v1,normal,0,lookup,medium,False,True,False,True,True,True,True,True,False,False,True,False,0.6,2,1,3,False,False,final,3199,136,3335,0.004761240000000001,4496,,,True,0.0004356
L09|direct|deepseek-v4-pro|direct_v1|normal|0,L09,direct,deepseek-v4-pro,direct_v1,normal,0,lookup,medium,True,True,False,True,True,True,True,True,False,False,True,False,1.0,1,1,2,False,False,final,1002,59,1061,0.00155628,3047,,,True,0.00039336
L09|agent|deepseek-v4-pro|agent_v1|normal|0,L09,agent,deepseek-v4-pro,agent_v1,normal,0,lookup,medium,True,True,False,True,True,True,True,True,False,False,True,False,1.0,2,1,3,False,False,final,3174,138,3312,0.0047361600000000005,3242,,,True,0.00039996000000000004
L10|direct|deepseek-v4-pro|direct_v1|normal|0,L10,direct,deepseek-v4-pro,direct_v1,normal,0,lookup,medium,True,True,False,True,True,True,True,True,False,False,True,False,1.0,1,1,2,False,False,final,1016,70,1086,0.0016183200000000003,2952,,,True,0.00041448
L10|agent|deepseek-v4-pro|agent_v1|normal|0,L10,agent,deepseek-v4-pro,agent_v1,normal,0,lookup,medium,True,True,False,True,True,True,True,True,False,False,True,False,1.0,2,1,3,False,False,final,3193,139,3332,0.004765200000000001,4612,,,True,0.0004488
F01|direct|deepseek-v4-pro|direct_v1|normal|0,F01,direct,deepseek-v4-pro,direct_v1,normal,0,filter_agg,easy,False,True,False,True,True,True,True,True,False,False,True,False,1.0,1,1,2,False,False,final,991,57,1048,0.0015338400000000003,2455,,,True,0.00038676000000000004
F01|agent|deepseek-v4-pro|agent_v1|normal|0,F01,agent,deepseek-v4-pro,agent_v1,normal,0,filter_agg,easy,False,True,False,True,True,True,True,True,False,False,True,False,1.0,2,1,3,False,False,final,3159,122,3281,0.004653,3939,,,True,0.00038412
F02|direct|deepseek-v4-pro|direct_v1|normal|0,F02,direct,deepseek-v4-pro,direct_v1,normal,0,filter_agg,medium,False,True,False,True,True,True,True,True,False,False,True,False,1.0,1,1,2,False,False,final,1033,89,1122,0.001716,3231,,,True,0.00046068000000000004
F02|agent|deepseek-v4-pro|agent_v1|normal|0,F02,agent,deepseek-v4-pro,agent_v1,normal,0,filter_agg,medium,False,True,False,True,True,True,True,True,False,False,True,False,1.0,2,1,3,False,False,final,3197,156,3353,0.0048378,5376,,,True,0.00045012
F03|direct|deepseek-v4-pro|direct_v1|normal|0,F03,direct,deepseek-v4-pro,direct_v1,normal,0,filter_agg,easy,False,True,False,True,True,True,True,True,False,False,True,False,1.0,1,1,2,False,False,final,995,58,1053,0.00154308,2723,,,True,0.00039863999999999996
F03|agent|deepseek-v4-pro|agent_v1|normal|0,F03,agent,deepseek-v4-pro,agent_v1,normal,0,filter_agg,easy,False,True,False,True,True,True,True,True,False,False,True,False,1.0,2,1,3,False,False,final,3159,122,3281,0.004653,3789,,,True,0.00038280000000000003
F04|direct|deepseek-v4-pro|direct_v1|normal|0,F04,direct,deepseek-v4-pro,direct_v1,normal,0,filter_agg,medium,False,True,False,True,True,True,True,True,False,False,True,False,1.0,1,1,2,False,False,final,999,63,1062,0.0015681600000000003,2660,,,True,0.00038280000000000003
F04|agent|deepseek-v4-pro|agent_v1|normal|0,F04,agent,deepseek-v4-pro,agent_v1,normal,0,filter_agg,medium,False,True,False,True,True,True,True,True,False,False,True,False,1.0,2,1,3,False,False,final,3170,129,3299,0.00469524,4689,,,True,0.00038148
F05|direct|deepseek-v4-pro|direct_v1|normal|0,F05,direct,deepseek-v4-pro,direct_v1,normal,0,filter_agg,easy,False,True,False,True,True,True,True,True,False,False,True,False,1.0,1,1,2,False,False,final,1008,70,1078,0.0016077600000000002,2666,,,True,0.00040788000000000006
F05|agent|deepseek-v4-pro|agent_v1|normal|0,F05,agent,deepseek-v4-pro,agent_v1,normal,0,filter_agg,easy,False,True,False,True,True,True,True,True,False,False,True,False,1.0,2,1,3,False,False,final,3173,132,3305,0.00471108,3790,,,True,0.00039864
F06|direct|deepseek-v4-pro|direct_v1|normal|0,F06,direct,deepseek-v4-pro,direct_v1,normal,0,filter_agg,easy,False,True,False,True,True,True,True,True,False,False,True,False,1.0,1,1,2,False,False,final,1008,72,1080,0.00161568,2811,,,True,0.00041052
F06|agent|deepseek-v4-pro|agent_v1|normal|0,F06,agent,deepseek-v4-pro,agent_v1,normal,0,filter_agg,easy,False,True,False,True,True,True,True,True,False,False,True,False,1.0,2,1,3,False,False,final,3181,143,3324,0.0047652,4291,,,True,0.00041712
F07|direct|deepseek-v4-pro|direct_v1|normal|0,F07,direct,deepseek-v4-pro,direct_v1,normal,0,filter_agg,medium,False,True,False,True,True,True,True,True,False,False,True,False,1.0,1,1,2,False,False,final,1002,67,1069,0.00158796,2846,,,True,0.00039072000000000005
F07|agent|deepseek-v4-pro|agent_v1|normal|0,F07,agent,deepseek-v4-pro,agent_v1,normal,0,filter_agg,medium,False,True,False,True,True,True,True,True,False,False,True,False,1.0,2,1,3,False,False,final,3173,134,3307,0.004719,4189,,,True,0.00040524
F08|direct|deepseek-v4-pro|direct_v1|normal|0,F08,direct,deepseek-v4-pro,direct_v1,normal,0,filter_agg,hard,False,True,False,True,True,True,True,True,False,False,True,False,1.0,1,1,2,False,False,final,1029,97,1126,0.0017423999999999999,2631,,,True,0.00047256000000000007
F08|agent|deepseek-v4-pro|agent_v1|normal|0,F08,agent,deepseek-v4-pro,agent_v1,normal,0,filter_agg,hard,False,True,False,True,True,True,True,True,False,False,True,False,1.0,2,1,3,False,False,final,3230,164,3394,0.0049130400000000005,3778,,,True,0.00050556
F09|direct|deepseek-v4-pro|direct_v1|normal|0,F09,direct,deepseek-v4-pro,direct_v1,normal,0,filter_agg,medium,False,True,False,True,True,True,True,True,False,False,True,False,1.0,1,1,2,False,False,final,1002,66,1068,0.001584,3199,,,True,0.00039864
F09|agent|deepseek-v4-pro|agent_v1|normal|0,F09,agent,deepseek-v4-pro,agent_v1,normal,0,filter_agg,medium,False,True,False,True,True,True,True,True,False,False,True,False,1.0,2,1,3,False,False,final,3169,129,3298,0.00469392,3668,,,True,0.00039336
F10|direct|deepseek-v4-pro|direct_v1|normal|0,F10,direct,deepseek-v4-pro,direct_v1,normal,0,filter_agg,medium,True,True,False,True,True,True,True,True,False,False,True,False,1.0,1,1,2,False,False,final,1046,98,1144,0.0017688,3239,,,True,0.00046464
F10|agent|deepseek-v4-pro|agent_v1|normal|0,F10,agent,deepseek-v4-pro,agent_v1,normal,0,filter_agg,medium,True,True,False,True,True,True,True,True,False,False,True,False,1.0,2,1,3,False,False,final,3217,173,3390,0.00493152,4978,,,True,0.00046068
M01|direct|deepseek-v4-pro|direct_v1|normal|0,M01,direct,deepseek-v4-pro,direct_v1,normal,0,multi_hop,medium,False,True,False,True,True,True,True,True,False,False,True,False,0.75,1,1,2,False,False,final,1016,78,1094,0.00165,2363,,,True,0.00045803999999999994
M01|agent|deepseek-v4-pro|agent_v1|normal|0,M01,agent,deepseek-v4-pro,agent_v1,normal,0,multi_hop,medium,False,True,False,True,True,True,True,True,False,False,True,False,0.5,2,1,3,False,False,final,3205,161,3366,0.00486816,3702,,,True,0.00047784000000000005
M02|direct|deepseek-v4-pro|direct_v1|normal|0,M02,direct,deepseek-v4-pro,direct_v1,normal,0,multi_hop,medium,False,True,False,True,True,True,True,True,False,False,True,False,0.75,1,1,2,False,False,final,1026,86,1112,0.0016948800000000002,3024,,,True,0.00044484000000000006
M02|agent|deepseek-v4-pro|agent_v1|normal|0,M02,agent,deepseek-v4-pro,agent_v1,normal,0,multi_hop,medium,False,True,False,True,True,True,True,True,False,False,True,False,0.6,2,1,3,False,False,final,3230,172,3402,0.00494472,4915,,,True,0.00049764
M03|direct|deepseek-v4-pro|direct_v1|normal|0,M03,direct,deepseek-v4-pro,direct_v1,normal,0,multi_hop,medium,False,True,False,True,True,True,True,True,False,False,True,False,1.0,1,1,2,False,False,final,1017,70,1087,0.0016196400000000003,2998,,,True,0.00041844000000000007
M03|agent|deepseek-v4-pro|agent_v1|normal|0,M03,agent,deepseek-v4-pro,agent_v1,normal,0,multi_hop,medium,False,True,False,True,True,True,True,True,False,False,True,False,1.0,2,1,3,False,False,final,3191,143,3334,0.0047784,3323,,,True,0.00041976
M04|direct|deepseek-v4-pro|direct_v1|normal|0,M04,direct,deepseek-v4-pro,direct_v1,normal,0,multi_hop,hard,False,True,False,True,True,True,True,True,False,False,True,False,1.0,1,1,2,False,False,final,1048,98,1146,0.00177144,3251,,,True,0.0004686
M04|agent|deepseek-v4-pro|agent_v1|normal|0,M04,agent,deepseek-v4-pro,agent_v1,normal,0,multi_hop,hard,False,True,False,True,True,True,True,True,False,False,True,False,1.0,2,1,3,False,False,final,3221,166,3387,0.00490908,5680,,,True,0.0004554
M05|direct|deepseek-v4-pro|direct_v1|normal|0,M05,direct,deepseek-v4-pro,direct_v1,normal,0,multi_hop,hard,False,False,True,True,True,True,False,False,False,True,True,False,0.9230769230769231,1,1,2,False,False,final,1051,111,1162,0.0018268800000000001,7423,,query_generation,True,0.00046464000000000005
M05|agent|deepseek-v4-pro|agent_v1|normal|0,M05,agent,deepseek-v4-pro,agent_v1,normal,0,multi_hop,hard,False,True,False,True,True,True,True,True,False,False,True,False,0.5,5,4,6,False,False,final,8151,449,8600,0.012537359999999999,28985,,,True,0.000462
M06|direct|deepseek-v4-pro|direct_v1|normal|0,M06,direct,deepseek-v4-pro,direct_v1,normal,0,multi_hop,medium,False,False,False,True,True,True,False,False,False,True,True,False,0.3333333333333333,1,1,2,False,False,final,1041,105,1146,0.00178992,9468,,query_generation,True,0.0004488
M06|agent|deepseek-v4-pro|agent_v1|normal|0,M06,agent,deepseek-v4-pro,agent_v1,normal,0,multi_hop,medium,False,True,False,True,True,True,True,True,False,False,True,False,0.7,2,1,3,False,False,final,3312,210,3522,0.00520344,12923,,,True,0.00062436
M07|direct|deepseek-v4-pro|direct_v1|normal|0,M07,direct,deepseek-v4-pro,direct_v1,normal,0,multi_hop,medium,False,True,False,True,True,True,True,True,False,False,True,False,0.8571428571428571,1,1,2,False,False,final,1051,109,1160,0.0018189599999999999,8912,,,True,0.000462
M07|agent|deepseek-v4-pro|agent_v1|normal|0,M07,agent,deepseek-v4-pro,agent_v1,normal,0,multi_hop,medium,False,True,False,True,True,True,True,True,False,False,True,False,0.8333333333333334,3,2,4,False,False,final,4788,276,5064,0.0074131200000000005,18195,,,True,0.0004488
M08|direct|deepseek-v4-pro|direct_v1|normal|0,M08,direct,deepseek-v4-pro,direct_v1,normal,0,multi_hop,hard,False,True,False,True,True,True,True,True,False,False,True,False,0.8333333333333334,1,1,2,False,False,final,1016,69,1085,0.00161436,8403,,,True,0.0004158000000000001
M08|agent|deepseek-v4-pro|agent_v1|normal|0,M08,agent,deepseek-v4-pro,agent_v1,normal,0,multi_hop,hard,False,True,False,True,True,True,True,True,False,False,True,False,0.8333333333333334,2,1,3,False,False,final,3202,148,3350,0.00481272,12616,,,True,0.00043296000000000003
M09|direct|deepseek-v4-pro|direct_v1|normal|0,M09,direct,deepseek-v4-pro,direct_v1,normal,0,multi_hop,hard,False,True,False,True,True,True,True,True,False,False,True,False,0.9,1,1,2,False,False,final,1099,150,1249,0.00204468,10070,,,True,0.0005227200000000001
M09|agent|deepseek-v4-pro|agent_v1|normal|0,M09,agent,deepseek-v4-pro,agent_v1,normal,0,multi_hop,hard,False,False,True,True,True,True,False,False,False,False,True,False,0.4444444444444444,7,4,7,False,True,final,10433,625,11058,0.01624656,32904,,trajectory,True,0.0005200799999999999
M10|direct|deepseek-v4-pro|direct_v1|normal|0,M10,direct,deepseek-v4-pro,direct_v1,normal,0,multi_hop,hard,True,True,False,True,True,True,True,True,False,False,True,False,1.0,1,1,2,False,False,final,1074,121,1195,0.00189684,8903,,,True,0.0005016
M10|agent|deepseek-v4-pro|agent_v1|normal|0,M10,agent,deepseek-v4-pro,agent_v1,normal,0,multi_hop,hard,True,True,False,True,True,True,True,True,False,False,True,False,1.0,2,1,3,False,False,final,3251,194,3445,0.005059560000000001,13481,,,True,0.0004818
I01|direct|deepseek-v4-pro|direct_v1|normal|0,I01,direct,deepseek-v4-pro,direct_v1,normal,0,impact,medium,False,True,False,True,True,True,True,True,False,False,True,False,0.8888888888888888,1,1,2,False,False,final,1089,139,1228,0.0019879200000000002,8947,,,True,0.0005108399999999999
I01|agent|deepseek-v4-pro|agent_v1|normal|0,I01,agent,deepseek-v4-pro,agent_v1,normal,0,impact,medium,False,True,False,True,True,True,True,True,False,False,True,False,1.0,5,4,6,False,False,final,8077,447,8524,0.01243176,17377,,,True,0.00046332000000000003
I02|direct|deepseek-v4-pro|direct_v1|normal|0,I02,direct,deepseek-v4-pro,direct_v1,normal,0,impact,medium,False,True,False,True,True,True,True,True,False,False,True,False,0.875,1,1,2,False,False,final,1063,116,1179,0.0018625199999999999,5761,,,True,0.00047256
I02|agent|deepseek-v4-pro|agent_v1|normal|0,I02,agent,deepseek-v4-pro,agent_v1,normal,0,impact,medium,False,True,False,True,True,True,True,True,False,False,True,False,0.875,5,4,6,False,False,final,8675,471,9146,0.01331616,14097,,,True,0.00045936
I03|direct|deepseek-v4-pro|direct_v1|normal|0,I03,direct,deepseek-v4-pro,direct_v1,normal,0,impact,hard,False,True,False,True,True,True,True,True,False,False,True,False,1.0,1,1,2,False,False,final,1049,98,1147,0.0017727600000000002,3477,,,True,0.00047784000000000005
I03|agent|deepseek-v4-pro|agent_v1|normal|0,I03,agent,deepseek-v4-pro,agent_v1,normal,0,impact,hard,False,True,False,True,True,True,True,True,False,False,True,False,1.0,3,2,4,False,False,final,4679,216,4895,0.0070316400000000005,7107,,,True,0.00042768
I04|direct|deepseek-v4-pro|direct_v1|normal|0,I04,direct,deepseek-v4-pro,direct_v1,normal,0,impact,hard,False,True,False,True,True,True,True,True,False,False,True,False,0.7,1,1,2,False,False,final,1280,211,1491,0.0025251600000000003,3675,,,True,0.0008870400000000001
I04|agent|deepseek-v4-pro|agent_v1|normal|0,I04,agent,deepseek-v4-pro,agent_v1,normal,0,impact,hard,False,True,False,True,True,True,True,True,False,False,True,False,1.0,4,3,5,False,False,final,6893,434,7327,0.010817400000000001,9056,,,True,0.0007154399999999999
I05|direct|deepseek-v4-pro|direct_v1|normal|0,I05,direct,deepseek-v4-pro,direct_v1,normal,0,impact,hard,False,False,True,True,False,False,False,False,False,False,True,False,,0,0,2,False,False,final,990,47,1037,0.00149292,2856,,query_generation,True,0.00039863999999999996
I05|agent|deepseek-v4-pro|agent_v1|normal|0,I05,agent,deepseek-v4-pro,agent_v1,normal,0,impact,hard,False,True,False,True,True,True,False,False,False,False,True,False,0.26666666666666666,7,4,6,False,True,final,9212,811,10023,0.0153714,13284,,,False,0.0005293199999999999
I06|direct|deepseek-v4-pro|direct_v1|normal|0,I06,direct,deepseek-v4-pro,direct_v1,normal,0,impact,hard,False,False,True,True,True,False,False,False,True,False,True,False,0.8461538461538461,1,1,2,False,False,final,1325,195,1520,0.0025212,4459,,query_generation,True,0.00059136
I06|agent|deepseek-v4-pro|agent_v1|normal|0,I06,agent,deepseek-v4-pro,agent_v1,normal,0,impact,hard,False,True,False,True,True,True,True,True,False,False,True,False,1.0,4,3,5,False,False,final,6474,378,6852,0.01004256,8063,,,True,0.00047784
I07|direct|deepseek-v4-pro|direct_v1|normal|0,I07,direct,deepseek-v4-pro,direct_v1,normal,0,impact,hard,False,False,False,True,True,True,False,False,False,True,True,False,0.9230769230769231,1,1,2,False,False,final,1057,121,1178,0.0018744,3289,,query_generation,True,0.00047916
I07|agent|deepseek-v4-pro|agent_v1|normal|0,I07,agent,deepseek-v4-pro,agent_v1,normal,0,impact,hard,False,False,True,True,True,True,False,False,False,True,True,False,0.9230769230769231,7,4,8,False,True,final,13106,713,13819,0.0201234,14316,,trajectory,True,0.00057024
I08|direct|deepseek-v4-pro|direct_v1|normal|0,I08,direct,deepseek-v4-pro,direct_v1,normal,0,impact,hard,False,False,False,True,True,True,False,False,False,False,True,False,1.0,1,1,2,False,False,final,1096,133,1229,0.0019734,3337,,query_generation,True,0.00051348
I08|agent|deepseek-v4-pro|agent_v1|normal|0,I08,agent,deepseek-v4-pro,agent_v1,normal,0,impact,hard,False,True,False,True,True,True,True,True,False,False,True,False,1.0,2,1,3,False,False,final,3278,206,3484,0.00514272,5122,,,True,0.00050952
I09|direct|deepseek-v4-pro|direct_v1|normal|0,I09,direct,deepseek-v4-pro,direct_v1,normal,0,impact,hard,False,False,False,True,True,True,False,False,False,False,True,False,1.0,1,1,2,False,False,final,1069,107,1176,0.0018348000000000001,3173,,query_generation,True,0.0004686
I09|agent|deepseek-v4-pro|agent_v1|normal|0,I09,agent,deepseek-v4-pro,agent_v1,normal,0,impact,hard,False,False,False,True,True,True,False,False,False,False,True,False,0.8181818181818182,3,2,4,False,False,final,4861,344,5205,0.007778759999999999,7191,,query_generation,True,0.0005412
I10|direct|deepseek-v4-pro|direct_v1|normal|0,I10,direct,deepseek-v4-pro,direct_v1,normal,0,impact,hard,True,False,False,True,True,True,False,False,False,True,True,False,0.7333333333333333,1,1,2,False,False,final,1055,117,1172,0.00185592,3173,,query_generation,True,0.00047256
I10|agent|deepseek-v4-pro|agent_v1|normal|0,I10,agent,deepseek-v4-pro,agent_v1,normal,0,impact,hard,True,True,False,True,True,True,True,True,False,False,True,False,0.8571428571428571,6,4,7,False,True,final,12507,893,13400,0.020045519999999997,14746,,,True,0.00172656
U01|direct|deepseek-v4-pro|direct_v1|normal|0,U01,direct,deepseek-v4-pro,direct_v1,normal,0,unanswerable,easy,False,True,True,True,False,False,False,False,False,False,True,False,,0,0,2,False,False,final,968,34,1002,0.0014124,2420,,,True,0.00035507999999999997
U01|agent|deepseek-v4-pro|agent_v1|normal|0,U01,agent,deepseek-v4-pro,agent_v1,normal,0,unanswerable,easy,False,True,True,True,True,True,False,False,False,False,True,False,,3,2,4,False,False,final,4722,296,5018,0.0074052,6817,,,True,0.0005874
U02|direct|deepseek-v4-pro|direct_v1|normal|0,U02,direct,deepseek-v4-pro,direct_v1,normal,0,unanswerable,easy,False,True,True,True,False,False,False,False,False,False,True,False,,0,0,2,False,False,final,966,34,1000,0.0014097600000000001,2362,,,True,0.00035376
U02|agent|deepseek-v4-pro|agent_v1|normal|0,U02,agent,deepseek-v4-pro,agent_v1,normal,0,unanswerable,easy,False,True,True,True,True,True,False,False,False,False,True,False,,2,1,3,False,False,final,3178,161,3339,0.00483252,4598,,,True,0.00043428000000000005
U03|direct|deepseek-v4-pro|direct_v1|normal|0,U03,direct,deepseek-v4-pro,direct_v1,normal,0,unanswerable,easy,False,True,True,True,False,False,False,False,False,False,True,False,,0,0,2,False,False,final,968,36,1004,0.00142032,2295,,,True,0.00036564
U03|agent|deepseek-v4-pro|agent_v1|normal|0,U03,agent,deepseek-v4-pro,agent_v1,normal,0,unanswerable,easy,False,True,True,True,True,True,False,False,False,False,True,False,,2,1,3,False,False,final,3198,209,3407,0.005049,4329,,,True,0.0004884
U04|direct|deepseek-v4-pro|direct_v1|normal|0,U04,direct,deepseek-v4-pro,direct_v1,normal,0,unanswerable,medium,False,True,True,True,False,False,False,False,False,False,True,False,,0,0,2,False,False,final,966,38,1004,0.0014256,2479,,,True,0.00035904
U04|agent|deepseek-v4-pro|agent_v1|normal|0,U04,agent,deepseek-v4-pro,agent_v1,normal,0,unanswerable,medium,False,True,True,True,True,True,False,False,False,False,True,False,,3,2,4,False,False,final,4832,293,5125,0.00753852,7040,,,True,0.0007009200000000001
U05|direct|deepseek-v4-pro|direct_v1|normal|0,U05,direct,deepseek-v4-pro,direct_v1,normal,0,unanswerable,easy,False,True,True,True,False,False,False,False,False,False,True,False,,0,0,2,False,False,final,966,42,1008,0.00144144,3140,,,True,0.00036432
U05|agent|deepseek-v4-pro|agent_v1|normal|0,U05,agent,deepseek-v4-pro,agent_v1,normal,0,unanswerable,easy,False,True,True,True,True,True,False,False,False,False,True,False,,2,1,3,False,False,final,3233,203,3436,0.00507144,5019,,,True,0.00045012
U06|direct|deepseek-v4-pro|direct_v1|normal|0,U06,direct,deepseek-v4-pro,direct_v1,normal,0,unanswerable,medium,False,True,True,True,False,False,False,False,False,False,True,False,,0,0,2,False,False,final,962,36,998,0.0014124,2545,,,True,0.00035376
U06|agent|deepseek-v4-pro|agent_v1|normal|0,U06,agent,deepseek-v4-pro,agent_v1,normal,0,unanswerable,medium,False,True,True,True,True,True,False,False,False,False,True,False,,2,1,3,False,False,final,3188,174,3362,0.0048972,4314,,,True,0.00047520000000000006
U07|direct|deepseek-v4-pro|direct_v1|normal|0,U07,direct,deepseek-v4-pro,direct_v1,normal,0,unanswerable,easy,False,True,True,True,False,False,False,False,False,False,True,False,,0,0,2,False,False,final,966,35,1001,0.00141372,2603,,,True,0.000363
U07|agent|deepseek-v4-pro|agent_v1|normal|0,U07,agent,deepseek-v4-pro,agent_v1,normal,0,unanswerable,easy,False,True,True,True,True,True,False,False,False,False,True,False,,2,1,3,False,False,final,3186,169,3355,0.00487476,4969,,,True,0.00042372
U08|direct|deepseek-v4-pro|direct_v1|normal|0,U08,direct,deepseek-v4-pro,direct_v1,normal,0,unanswerable,medium,False,True,True,True,False,False,False,False,False,False,True,False,,0,0,2,False,False,final,960,40,1000,0.0014256,3191,,,True,0.00035772
U08|agent|deepseek-v4-pro|agent_v1|normal|0,U08,agent,deepseek-v4-pro,agent_v1,normal,0,unanswerable,medium,False,True,True,True,True,True,False,False,False,False,True,False,,2,1,3,False,False,final,3178,168,3346,0.00486024,4692,,,True,0.00043428
U09|direct|deepseek-v4-pro|direct_v1|normal|0,U09,direct,deepseek-v4-pro,direct_v1,normal,0,unanswerable,easy,False,True,True,True,False,False,False,False,False,False,True,False,,0,0,2,False,False,final,966,34,1000,0.0014097600000000001,2549,,,True,0.00035376
U09|agent|deepseek-v4-pro|agent_v1|normal|0,U09,agent,deepseek-v4-pro,agent_v1,normal,0,unanswerable,easy,False,True,True,True,True,True,False,False,False,False,True,False,,4,3,5,False,False,final,6393,363,6756,0.00987624,7584,,,False,0.00052008
U10|direct|deepseek-v4-pro|direct_v1|normal|0,U10,direct,deepseek-v4-pro,direct_v1,normal,0,unanswerable,medium,False,True,True,True,True,True,False,False,False,True,True,False,,1,1,2,False,False,final,978,47,1025,0.00147708,2280,,,True,0.00037224000000000003
U10|agent|deepseek-v4-pro|agent_v1|normal|0,U10,agent,deepseek-v4-pro,agent_v1,normal,0,unanswerable,medium,False,True,True,True,True,True,False,False,False,True,True,False,,6,4,7,False,True,final,10763,395,11158,0.01577136,10595,,,True,0.00039204
L01|direct|deepseek-v4-pro|direct_v1|normal|1,L01,direct,deepseek-v4-pro,direct_v1,normal,1,lookup,easy,False,True,False,True,True,True,True,True,False,False,True,False,1.0,1,1,2,False,False,final,988,42,1030,0.00147048,1980,,,True,0.00037092
L01|agent|deepseek-v4-pro|agent_v1|normal|1,L01,agent,deepseek-v4-pro,agent_v1,normal,1,lookup,easy,False,True,False,True,True,True,True,True,False,False,True,False,1.0,2,1,3,False,False,final,3157,123,3280,0.00465432,3981,,,True,0.00036432
L02|direct|deepseek-v4-pro|direct_v1|normal|1,L02,direct,deepseek-v4-pro,direct_v1,normal,1,lookup,easy,False,True,False,True,True,True,True,True,False,False,True,False,1.0,1,1,2,False,False,final,993,57,1050,0.0015364800000000002,2497,,,True,0.00039336
L02|agent|deepseek-v4-pro|agent_v1|normal|1,L02,agent,deepseek-v4-pro,agent_v1,normal,1,lookup,easy,False,True,False,True,True,True,True,True,False,False,True,False,1.0,2,1,3,False,False,final,3165,124,3289,0.0046688400000000005,4077,,,True,0.00039336
L03|direct|deepseek-v4-pro|direct_v1|normal|1,L03,direct,deepseek-v4-pro,direct_v1,normal,1,lookup,easy,False,True,False,True,True,True,True,True,False,False,True,False,1.0,1,1,2,False,False,final,994,57,1051,0.0015378000000000002,2432,,,True,0.00041448
L03|agent|deepseek-v4-pro|agent_v1|normal|1,L03,agent,deepseek-v4-pro,agent_v1,normal,1,lookup,easy,False,True,False,True,True,True,True,True,False,False,True,False,1.0,2,1,3,False,False,final,3164,127,3291,0.0046794,4074,,,True,0.00037752
L04|direct|deepseek-v4-pro|direct_v1|normal|1,L04,direct,deepseek-v4-pro,direct_v1,normal,1,lookup,easy,False,True,False,True,True,True,True,True,False,False,True,False,1.0,1,1,2,False,False,final,994,52,1046,0.001518,2439,,,True,0.00039996000000000004
L04|agent|deepseek-v4-pro|agent_v1|normal|1,L04,agent,deepseek-v4-pro,agent_v1,normal,1,lookup,easy,False,True,False,True,True,True,True,True,False,False,True,False,1.0,2,1,3,False,False,final,3168,127,3295,0.00468468,3782,,,True,0.00037488
L05|direct|deepseek-v4-pro|direct_v1|normal|1,L05,direct,deepseek-v4-pro,direct_v1,normal,1,lookup,easy,False,True,False,True,True,True,True,True,False,False,True,False,1.0,1,1,2,False,False,final,994,52,1046,0.0015180000000000003,2310,,,True,0.000396
L05|agent|deepseek-v4-pro|agent_v1|normal|1,L05,agent,deepseek-v4-pro,agent_v1,normal,1,lookup,easy,False,True,False,True,True,True,True,True,False,False,True,False,1.0,2,1,3,False,False,final,3166,127,3293,0.00468204,3935,,,True,0.0003894
L06|direct|deepseek-v4-pro|direct_v1|normal|1,L06,direct,deepseek-v4-pro,direct_v1,normal,1,lookup,easy,False,True,False,True,True,True,True,True,False,False,True,False,1.0,1,1,2,False,False,final,993,49,1042,0.0015048000000000001,2474,,,True,0.00036696000000000005
L06|agent|deepseek-v4-pro|agent_v1|normal|1,L06,agent,deepseek-v4-pro,agent_v1,normal,1,lookup,easy,False,True,False,True,True,True,True,True,False,False,True,False,1.0,2,1,3,False,False,final,3165,123,3288,0.00466488,4211,,,True,0.00036696000000000005
L07|direct|deepseek-v4-pro|direct_v1|normal|1,L07,direct,deepseek-v4-pro,direct_v1,normal,1,lookup,easy,False,True,False,True,True,True,True,True,False,False,True,False,1.0,1,1,2,False,False,final,1000,60,1060,0.0015576000000000001,2763,,,True,0.00039732000000000005
L07|agent|deepseek-v4-pro|agent_v1|normal|1,L07,agent,deepseek-v4-pro,agent_v1,normal,1,lookup,easy,False,True,False,True,True,True,True,True,False,False,True,False,1.0,2,1,3,False,False,final,3174,129,3303,0.0047005200000000006,3762,,,True,0.00039864
L08|direct|deepseek-v4-pro|direct_v1|normal|1,L08,direct,deepseek-v4-pro,direct_v1,normal,1,lookup,medium,False,True,False,True,True,True,True,True,False,False,True,False,1.0,1,1,2,False,False,final,991,49,1040,0.0015021600000000002,2519,,,True,0.00037092
L08|agent|deepseek-v4-pro|agent_v1|normal|1,L08,agent,deepseek-v4-pro,agent_v1,normal,1,lookup,medium,False,True,False,True,True,True,True,True,False,False,True,False,0.6,2,1,3,False,False,final,3199,136,3335,0.004761240000000001,4366,,,True,0.0004356
L09|direct|deepseek-v4-pro|direct_v1|normal|1,L09,direct,deepseek-v4-pro,direct_v1,normal,1,lookup,medium,True,True,False,True,True,True,True,True,False,False,True,False,1.0,1,1,2,False,False,final,1003,71,1074,0.0016051200000000002,2246,,,True,0.00039468
L09|agent|deepseek-v4-pro|agent_v1|normal|1,L09,agent,deepseek-v4-pro,agent_v1,normal,1,lookup,medium,True,True,False,True,True,True,True,True,False,False,True,False,1.0,2,1,3,False,False,final,3174,138,3312,0.0047361600000000005,4299,,,True,0.00039996000000000004
L10|direct|deepseek-v4-pro|direct_v1|normal|1,L10,direct,deepseek-v4-pro,direct_v1,normal,1,lookup,medium,True,True,False,True,True,True,True,True,False,False,True,False,1.0,1,1,2,False,False,final,1016,70,1086,0.0016183200000000003,2214,,,True,0.00041448
L10|agent|deepseek-v4-pro|agent_v1|normal|1,L10,agent,deepseek-v4-pro,agent_v1,normal,1,lookup,medium,True,True,False,True,True,True,True,True,False,False,True,False,1.0,2,1,3,False,False,final,3193,139,3332,0.004765200000000001,4133,,,True,0.00044484000000000006
F01|direct|deepseek-v4-pro|direct_v1|normal|1,F01,direct,deepseek-v4-pro,direct_v1,normal,1,filter_agg,easy,False,True,False,True,True,True,True,True,False,False,True,False,1.0,1,1,2,False,False,final,992,58,1050,0.0015391200000000002,2352,,,True,0.00038808000000000007
F01|agent|deepseek-v4-pro|agent_v1|normal|1,F01,agent,deepseek-v4-pro,agent_v1,normal,1,filter_agg,easy,False,True,False,True,True,True,True,True,False,False,True,False,1.0,2,1,3,False,False,final,3159,122,3281,0.004653,4355,,,True,0.00038412
F02|direct|deepseek-v4-pro|direct_v1|normal|1,F02,direct,deepseek-v4-pro,direct_v1,normal,1,filter_agg,medium,False,True,False,True,True,True,True,True,False,False,True,False,1.0,1,1,2,False,False,final,1033,89,1122,0.001716,2472,,,True,0.00046464000000000005
F02|agent|deepseek-v4-pro|agent_v1|normal|1,F02,agent,deepseek-v4-pro,agent_v1,normal,1,filter_agg,medium,False,True,False,True,True,True,True,True,False,False,True,False,1.0,2,1,3,False,False,final,3197,156,3353,0.0048378,4533,,,True,0.00045012
F03|direct|deepseek-v4-pro|direct_v1|normal|1,F03,direct,deepseek-v4-pro,direct_v1,normal,1,filter_agg,easy,False,True,False,True,True,True,True,True,False,False,True,False,1.0,1,1,2,False,False,final,995,58,1053,0.00154308,2924,,,True,0.00039072000000000005
F03|agent|deepseek-v4-pro|agent_v1|normal|1,F03,agent,deepseek-v4-pro,agent_v1,normal,1,filter_agg,easy,False,True,False,True,True,True,True,True,False,False,True,False,1.0,2,1,3,False,False,final,3159,122,3281,0.004653,3685,,,True,0.00038280000000000003
F04|direct|deepseek-v4-pro|direct_v1|normal|1,F04,direct,deepseek-v4-pro,direct_v1,normal,1,filter_agg,medium,False,True,False,True,True,True,True,True,False,False,True,False,1.0,1,1,2,False,False,final,999,63,1062,0.0015681600000000003,2438,,,True,0.00038280000000000003
F04|agent|deepseek-v4-pro|agent_v1|normal|1,F04,agent,deepseek-v4-pro,agent_v1,normal,1,filter_agg,medium,False,True,False,True,True,True,True,True,False,False,True,False,1.0,2,1,3,False,False,final,3170,129,3299,0.00469524,4155,,,True,0.00038148
F05|direct|deepseek-v4-pro|direct_v1|normal|1,F05,direct,deepseek-v4-pro,direct_v1,normal,1,filter_agg,easy,False,True,False,True,True,True,True,True,False,False,True,False,1.0,1,1,2,False,False,final,1010,71,1081,0.00161436,2784,,,True,0.00041052000000000005
F05|agent|deepseek-v4-pro|agent_v1|normal|1,F05,agent,deepseek-v4-pro,agent_v1,normal,1,filter_agg,easy,False,True,False,True,True,True,True,True,False,False,True,False,1.0,2,1,3,False,False,final,3173,132,3305,0.00471108,4754,,,True,0.00039864
F06|direct|deepseek-v4-pro|direct_v1|normal|1,F06,direct,deepseek-v4-pro,direct_v1,normal,1,filter_agg,easy,False,True,False,True,True,True,True,True,False,False,True,False,1.0,1,1,2,False,False,final,1008,73,1081,0.00161964,2798,,,True,0.00041183999999999996
F06|agent|deepseek-v4-pro|agent_v1|normal|1,F06,agent,deepseek-v4-pro,agent_v1,normal,1,filter_agg,easy,False,True,False,True,True,True,True,True,False,False,True,False,1.0,2,1,3,False,False,final,3181,143,3324,0.0047652,3452,,,True,0.00041712
F07|direct|deepseek-v4-pro|direct_v1|normal|1,F07,direct,deepseek-v4-pro,direct_v1,normal,1,filter_agg,medium,False,True,False,True,True,True,True,True,False,False,True,False,1.0,1,1,2,False,False,final,1002,67,1069,0.00158796,2791,,,True,0.00039072000000000005
F07|agent|deepseek-v4-pro|agent_v1|normal|1,F07,agent,deepseek-v4-pro,agent_v1,normal,1,filter_agg,medium,False,True,False,True,True,True,True,True,False,False,True,False,1.0,2,1,3,False,False,final,3173,134,3307,0.004719,4200,,,True,0.00040524
F08|direct|deepseek-v4-pro|direct_v1|normal|1,F08,direct,deepseek-v4-pro,direct_v1,normal,1,filter_agg,hard,False,True,False,True,True,True,True,True,False,False,True,False,1.0,1,1,2,False,False,final,1029,93,1122,0.0017265599999999998,2859,,,True,0.00046332
F08|agent|deepseek-v4-pro|agent_v1|normal|1,F08,agent,deepseek-v4-pro,agent_v1,normal,1,filter_agg,hard,False,True,False,True,True,True,True,True,False,False,True,False,1.0,2,1,3,False,False,final,3230,177,3407,0.00496452,4300,,,True,0.0005306400000000001
F09|direct|deepseek-v4-pro|direct_v1|normal|1,F09,direct,deepseek-v4-pro,direct_v1,normal,1,filter_agg,medium,False,True,False,True,True,True,True,True,False,False,True,False,1.0,1,1,2,False,False,final,1002,66,1068,0.001584,2769,,,True,0.00039864
F09|agent|deepseek-v4-pro|agent_v1|normal|1,F09,agent,deepseek-v4-pro,agent_v1,normal,1,filter_agg,medium,False,True,False,True,True,True,True,True,False,False,True,False,1.0,2,1,3,False,False,final,3169,129,3298,0.00469392,3863,,,True,0.00039336
F10|direct|deepseek-v4-pro|direct_v1|normal|1,F10,direct,deepseek-v4-pro,direct_v1,normal,1,filter_agg,medium,True,True,False,True,True,True,True,True,False,False,True,False,1.0,1,1,2,False,False,final,1044,102,1146,0.0017820000000000002,2680,,,True,0.000462
F10|agent|deepseek-v4-pro|agent_v1|normal|1,F10,agent,deepseek-v4-pro,agent_v1,normal,1,filter_agg,medium,True,True,False,True,True,True,True,True,False,False,True,False,1.0,2,1,3,False,False,final,3217,173,3390,0.00493152,4556,,,True,0.00046068
M01|direct|deepseek-v4-pro|direct_v1|normal|1,M01,direct,deepseek-v4-pro,direct_v1,normal,1,multi_hop,medium,False,True,False,True,True,True,True,True,False,False,True,False,0.75,1,1,2,False,False,final,1016,78,1094,0.00165,3019,,,True,0.00045803999999999994
M01|agent|deepseek-v4-pro|agent_v1|normal|1,M01,agent,deepseek-v4-pro,agent_v1,normal,1,multi_hop,medium,False,True,False,True,True,True,True,True,False,False,True,False,0.6,2,1,3,False,False,final,3209,158,3367,0.004861559999999999,3712,,,True,0.0005082
M02|direct|deepseek-v4-pro|direct_v1|normal|1,M02,direct,deepseek-v4-pro,direct_v1,normal,1,multi_hop,medium,False,False,False,True,True,True,False,False,False,True,True,False,0.75,1,1,2,False,False,final,1014,76,1090,0.0016394400000000003,2978,,query_generation,True,0.00042108000000000005
M02|agent|deepseek-v4-pro|agent_v1|normal|1,M02,agent,deepseek-v4-pro,agent_v1,normal,1,multi_hop,medium,False,True,False,True,True,True,True,True,False,False,True,False,0.6,2,1,3,False,False,final,3230,172,3402,0.00494472,4569,,,True,0.00049764
M03|direct|deepseek-v4-pro|direct_v1|normal|1,M03,direct,deepseek-v4-pro,direct_v1,normal,1,multi_hop,medium,False,True,False,True,True,True,True,True,False,False,True,False,1.0,1,1,2,False,False,final,1017,70,1087,0.0016196400000000003,3180,,,True,0.00041844000000000007
M03|agent|deepseek-v4-pro|agent_v1|normal|1,M03,agent,deepseek-v4-pro,agent_v1,normal,1,multi_hop,medium,False,True,False,True,True,True,True,True,False,False,True,False,1.0,2,1,3,False,False,final,3191,143,3334,0.0047784,4498,,,True,0.00041976
M04|direct|deepseek-v4-pro|direct_v1|normal|1,M04,direct,deepseek-v4-pro,direct_v1,normal,1,multi_hop,hard,False,True,False,True,True,True,True,True,False,False,True,False,1.0,1,1,2,False,False,final,1048,98,1146,0.00177144,2778,,,True,0.00046068
M04|agent|deepseek-v4-pro|agent_v1|normal|1,M04,agent,deepseek-v4-pro,agent_v1,normal,1,multi_hop,hard,False,True,False,True,True,True,True,True,False,False,True,False,1.0,2,1,3,False,False,final,3221,166,3387,0.00490908,4700,,,True,0.0004554
M05|direct|deepseek-v4-pro|direct_v1|normal|1,M05,direct,deepseek-v4-pro,direct_v1,normal,1,multi_hop,hard,False,False,True,True,True,True,False,False,False,True,True,False,0.9230769230769231,1,1,2,False,False,final,1051,106,1157,0.00180708,2138,,query_generation,True,0.000462
M05|agent|deepseek-v4-pro|agent_v1|normal|1,M05,agent,deepseek-v4-pro,agent_v1,normal,1,multi_hop,hard,False,True,False,True,True,True,True,True,False,False,True,False,0.5,5,4,6,False,False,final,8151,449,8600,0.012537359999999999,9762,,,True,0.00045804
M06|direct|deepseek-v4-pro|direct_v1|normal|1,M06,direct,deepseek-v4-pro,direct_v1,normal,1,multi_hop,medium,False,True,False,True,True,True,False,False,False,False,True,False,0.875,1,1,2,False,False,final,1148,155,1303,0.00212916,3320,,,True,0.0006336
M06|agent|deepseek-v4-pro|agent_v1|normal|1,M06,agent,deepseek-v4-pro,agent_v1,normal,1,multi_hop,medium,False,True,False,True,True,True,False,True,False,False,True,False,0.25,3,2,4,False,False,final,4872,280,5152,0.007539839999999999,6501,,,False,0.00047256000000000007
M07|direct|deepseek-v4-pro|direct_v1|normal|1,M07,direct,deepseek-v4-pro,direct_v1,normal,1,multi_hop,medium,False,False,True,True,True,True,False,False,False,True,True,False,0.8571428571428571,1,1,2,False,False,final,1037,91,1128,0.0017292000000000002,2805,,query_generation,True,0.00044352000000000004
M07|agent|deepseek-v4-pro|agent_v1|normal|1,M07,agent,deepseek-v4-pro,agent_v1,normal,1,multi_hop,medium,False,True,False,True,True,True,True,True,False,False,True,False,0.8571428571428571,5,4,6,False,False,final,8496,562,9058,0.013440240000000003,10781,,,True,0.0005147999999999999
M08|direct|deepseek-v4-pro|direct_v1|normal|1,M08,direct,deepseek-v4-pro,direct_v1,normal,1,multi_hop,hard,False,True,False,True,True,True,True,True,False,False,True,False,0.8333333333333334,1,1,2,False,False,final,1016,69,1085,0.00161436,2768,,,True,0.0004158000000000001
M08|agent|deepseek-v4-pro|agent_v1|normal|1,M08,agent,deepseek-v4-pro,agent_v1,normal,1,multi_hop,hard,False,True,False,True,True,True,True,True,False,False,True,False,0.8333333333333334,2,1,3,False,False,final,3204,150,3354,0.00482328,3891,,,True,0.0004356
M09|direct|deepseek-v4-pro|direct_v1|normal|1,M09,direct,deepseek-v4-pro,direct_v1,normal,1,multi_hop,hard,False,False,True,True,True,True,False,False,False,True,True,False,0.9,1,1,2,False,False,final,1062,113,1175,0.0018493199999999998,3821,,query_generation,True,0.00048444000000000004
M09|agent|deepseek-v4-pro|agent_v1|normal|1,M09,agent,deepseek-v4-pro,agent_v1,normal,1,multi_hop,hard,False,False,True,True,True,True,False,False,False,False,True,False,0.4444444444444444,7,4,8,False,True,final,13001,679,13680,0.01985016,13635,,trajectory,True,0.0005755199999999999
M10|direct|deepseek-v4-pro|direct_v1|normal|1,M10,direct,deepseek-v4-pro,direct_v1,normal,1,multi_hop,hard,True,True,False,True,True,True,True,True,False,False,True,False,1.0,1,1,2,False,False,final,1071,118,1189,0.0018809999999999999,3203,,,True,0.0004818
M10|agent|deepseek-v4-pro|agent_v1|normal|1,M10,agent,deepseek-v4-pro,agent_v1,normal,1,multi_hop,hard,True,True,False,True,True,True,True,True,False,False,True,False,1.0,2,1,3,False,False,final,3251,194,3445,0.005059560000000001,4653,,,True,0.0004818
I01|direct|deepseek-v4-pro|direct_v1|normal|1,I01,direct,deepseek-v4-pro,direct_v1,normal,1,impact,medium,False,True,False,True,True,True,True,True,False,False,True,False,0.8888888888888888,1,1,2,False,False,final,1087,127,1214,0.0019377600000000002,3969,,,True,0.00049896
I01|agent|deepseek-v4-pro|agent_v1|normal|1,I01,agent,deepseek-v4-pro,agent_v1,normal,1,impact,medium,False,True,False,True,True,True,True,True,False,False,True,False,1.0,3,2,4,False,False,final,4691,235,4926,0.00712272,5596,,,True,0.00046200000000000006
I02|direct|deepseek-v4-pro|direct_v1|normal|1,I02,direct,deepseek-v4-pro,direct_v1,normal,1,impact,medium,False,True,False,True,True,True,True,True,False,False,True,False,0.875,1,1,2,False,False,final,1053,96,1149,0.00177012,3009,,,True,0.00045012
I02|agent|deepseek-v4-pro|agent_v1|normal|1,I02,agent,deepseek-v4-pro,agent_v1,normal,1,impact,medium,False,True,False,True,True,True,True,True,False,False,True,False,0.875,5,4,6,False,False,final,8675,471,9146,0.01331616,9035,,,True,0.00045936
I03|direct|deepseek-v4-pro|direct_v1|normal|1,I03,direct,deepseek-v4-pro,direct_v1,normal,1,impact,hard,False,True,False,True,True,True,True,True,False,False,True,False,1.0,1,1,2,False,False,final,1049,98,1147,0.0017727600000000002,3019,,,True,0.00046200000000000006
I03|agent|deepseek-v4-pro|agent_v1|normal|1,I03,agent,deepseek-v4-pro,agent_v1,normal,1,impact,hard,False,True,False,True,True,True,False,True,False,False,True,False,1.0,4,3,5,False,False,final,6664,315,6979,0.01004388,8225,,,True,0.00094248
I04|direct|deepseek-v4-pro|direct_v1|normal|1,I04,direct,deepseek-v4-pro,direct_v1,normal,1,impact,hard,False,True,False,True,True,True,True,True,False,False,True,False,0.7,1,1,2,False,False,final,1291,223,1514,0.0025871999999999996,3900,,,True,0.00090288
I04|agent|deepseek-v4-pro|agent_v1|normal|1,I04,agent,deepseek-v4-pro,agent_v1,normal,1,impact,hard,False,True,False,True,True,True,True,True,False,False,True,False,1.0,3,2,4,False,False,final,4760,334,5094,0.007605840000000001,6418,,,True,0.00072204
I05|direct|deepseek-v4-pro|direct_v1|normal|1,I05,direct,deepseek-v4-pro,direct_v1,normal,1,impact,hard,False,False,True,True,False,False,False,False,False,False,True,False,,0,0,2,False,False,final,990,48,1038,0.0014968800000000001,3052,,query_generation,True,0.00039996000000000004
I05|agent|deepseek-v4-pro|agent_v1|normal|1,I05,agent,deepseek-v4-pro,agent_v1,normal,1,impact,hard,False,True,False,True,True,True,True,True,False,False,True,False,0.6,7,4,7,False,True,final,11009,745,11754,0.01748208,13851,,,False,0.00054252
I06|direct|deepseek-v4-pro|direct_v1|normal|1,I06,direct,deepseek-v4-pro,direct_v1,normal,1,impact,hard,False,False,False,True,True,True,False,False,False,False,True,False,0.7692307692307693,1,1,2,False,False,final,1108,150,1258,0.00205656,3869,,query_generation,True,0.00051876
I06|agent|deepseek-v4-pro|agent_v1|normal|1,I06,agent,deepseek-v4-pro,agent_v1,normal,1,impact,hard,False,True,False,True,True,True,True,True,False,False,True,False,1.0,4,3,5,False,False,final,6474,378,6852,0.01004256,8594,,,True,0.00047784
I07|direct|deepseek-v4-pro|direct_v1|normal|1,I07,direct,deepseek-v4-pro,direct_v1,normal,1,impact,hard,False,False,False,True,True,True,False,False,False,False,True,False,0.5714285714285714,1,1,2,False,False,final,1073,125,1198,0.00191136,2715,,query_generation,True,0.00049368
I07|agent|deepseek-v4-pro|agent_v1|normal|1,I07,agent,deepseek-v4-pro,agent_v1,normal,1,impact,hard,False,True,False,True,True,True,True,True,False,False,True,False,0.6153846153846154,6,4,7,False,True,final,12171,643,12814,0.018612,12799,,,True,0.0004923600000000001
I08|direct|deepseek-v4-pro|direct_v1|normal|1,I08,direct,deepseek-v4-pro,direct_v1,normal,1,impact,hard,False,False,False,True,True,True,False,False,False,False,True,False,1.0,1,1,2,False,False,final,1096,133,1229,0.0019734,3665,,query_generation,True,0.00051348
I08|agent|deepseek-v4-pro|agent_v1|normal|1,I08,agent,deepseek-v4-pro,agent_v1,normal,1,impact,hard,False,True,False,True,True,True,True,True,False,False,True,False,1.0,2,1,3,False,False,final,3282,210,3492,0.00516384,4904,,,True,0.0005148
I09|direct|deepseek-v4-pro|direct_v1|normal|1,I09,direct,deepseek-v4-pro,direct_v1,normal,1,impact,hard,False,False,False,True,True,True,False,False,False,False,True,False,0.7777777777777778,1,1,2,False,False,final,1043,81,1124,0.00169752,2807,,query_generation,True,0.00043428
I09|agent|deepseek-v4-pro|agent_v1|normal|1,I09,agent,deepseek-v4-pro,agent_v1,normal,1,impact,hard,False,True,False,True,True,True,True,True,False,False,True,False,1.0,4,3,4,False,False,final,5346,543,5889,0.009207,8800,,,True,0.00086724
I10|direct|deepseek-v4-pro|direct_v1|normal|1,I10,direct,deepseek-v4-pro,direct_v1,normal,1,impact,hard,True,False,False,True,True,True,False,False,False,True,True,False,0.8461538461538461,1,1,2,False,False,final,1054,123,1177,0.00187836,3634,,query_generation,True,0.00047652
I10|agent|deepseek-v4-pro|agent_v1|normal|1,I10,agent,deepseek-v4-pro,agent_v1,normal,1,impact,hard,True,True,False,True,True,True,True,True,False,False,True,False,0.9230769230769231,4,3,5,False,False,final,7604,628,8232,0.01252416,9014,,,True,0.00172656
U01|direct|deepseek-v4-pro|direct_v1|normal|1,U01,direct,deepseek-v4-pro,direct_v1,normal,1,unanswerable,easy,False,True,True,True,False,False,False,False,False,False,True,False,,0,0,2,False,False,final,968,39,1007,0.0014322000000000002,2496,,,True,0.00036960000000000004
U01|agent|deepseek-v4-pro|agent_v1|normal|1,U01,agent,deepseek-v4-pro,agent_v1,normal,1,unanswerable,easy,False,True,True,True,True,True,False,False,False,False,True,False,,3,2,4,False,False,final,4655,297,4952,0.00732072,6606,,,True,0.00042636000000000003
U02|direct|deepseek-v4-pro|direct_v1|normal|1,U02,direct,deepseek-v4-pro,direct_v1,normal,1,unanswerable,easy,False,True,True,True,False,False,False,False,False,False,True,False,,0,0,2,False,False,final,966,34,1000,0.0014097600000000001,2688,,,True,0.00035376
U02|agent|deepseek-v4-pro|agent_v1|normal|1,U02,agent,deepseek-v4-pro,agent_v1,normal,1,unanswerable,easy,False,True,True,True,True,True,False,False,False,False,True,False,,2,1,3,False,False,final,3178,161,3339,0.00483252,4684,,,True,0.00043428000000000005
U03|direct|deepseek-v4-pro|direct_v1|normal|1,U03,direct,deepseek-v4-pro,direct_v1,normal,1,unanswerable,easy,False,True,True,True,False,False,False,False,False,False,True,False,,0,0,2,False,False,final,968,40,1008,0.0014361600000000001,3108,,,True,0.00037488
U03|agent|deepseek-v4-pro|agent_v1|normal|1,U03,agent,deepseek-v4-pro,agent_v1,normal,1,unanswerable,easy,False,True,True,True,True,True,False,False,False,False,True,False,,2,1,3,False,False,final,3198,197,3395,0.00500148,4194,,,True,0.00049764
U04|direct|deepseek-v4-pro|direct_v1|normal|1,U04,direct,deepseek-v4-pro,direct_v1,normal,1,unanswerable,medium,False,True,True,True,False,False,False,False,False,False,True,False,,0,0,2,False,False,final,966,38,1004,0.0014256,2832,,,True,0.00035904
U04|agent|deepseek-v4-pro|agent_v1|normal|1,U04,agent,deepseek-v4-pro,agent_v1,normal,1,unanswerable,medium,False,True,True,True,True,True,False,False,False,False,True,False,,3,2,4,False,False,final,4832,286,5118,0.007510800000000001,7258,,,True,0.0007088400000000001
U05|direct|deepseek-v4-pro|direct_v1|normal|1,U05,direct,deepseek-v4-pro,direct_v1,normal,1,unanswerable,easy,False,True,True,True,False,False,False,False,False,False,True,False,,0,0,2,False,False,final,966,42,1008,0.00144144,2771,,,True,0.00036432
U05|agent|deepseek-v4-pro|agent_v1|normal|1,U05,agent,deepseek-v4-pro,agent_v1,normal,1,unanswerable,easy,False,True,True,True,True,True,False,False,False,False,True,False,,2,1,3,False,False,final,3301,217,3518,0.00521664,5185,,,True,0.0005596800000000001
U06|direct|deepseek-v4-pro|direct_v1|normal|1,U06,direct,deepseek-v4-pro,direct_v1,normal,1,unanswerable,medium,False,True,True,True,False,False,False,False,False,False,True,False,,0,0,2,False,False,final,962,33,995,0.0014005200000000002,2915,,,True,0.0003498
U06|agent|deepseek-v4-pro|agent_v1|normal|1,U06,agent,deepseek-v4-pro,agent_v1,normal,1,unanswerable,medium,False,True,True,True,True,True,False,False,False,False,True,False,,2,1,3,False,False,final,3188,179,3367,0.0049169999999999995,4804,,,True,0.00045936
U07|direct|deepseek-v4-pro|direct_v1|normal|1,U07,direct,deepseek-v4-pro,direct_v1,normal,1,unanswerable,easy,False,True,True,True,False,False,False,False,False,False,True,False,,0,0,2,False,False,final,966,35,1001,0.00141372,2879,,,True,0.000363
U07|agent|deepseek-v4-pro|agent_v1|normal|1,U07,agent,deepseek-v4-pro,agent_v1,normal,1,unanswerable,easy,False,True,True,True,True,True,False,False,False,False,True,False,,3,2,4,False,False,final,4652,242,4894,0.0070989600000000005,6839,,,True,0.00044748
U08|direct|deepseek-v4-pro|direct_v1|normal|1,U08,direct,deepseek-v4-pro,direct_v1,normal,1,unanswerable,medium,False,True,True,True,False,False,False,False,False,False,True,False,,0,0,2,False,False,final,960,36,996,0.00140976,2092,,,True,0.00035244
U08|agent|deepseek-v4-pro|agent_v1|normal|1,U08,agent,deepseek-v4-pro,agent_v1,normal,1,unanswerable,medium,False,True,True,True,True,True,False,False,False,False,True,False,,2,1,3,False,False,final,3178,157,3335,0.00481668,4638,,,True,0.00042504
U09|direct|deepseek-v4-pro|direct_v1|normal|1,U09,direct,deepseek-v4-pro,direct_v1,normal,1,unanswerable,easy,False,True,True,True,False,False,False,False,False,False,True,False,,0,0,2,False,False,final,966,34,1000,0.0014097600000000001,2896,,,True,0.00035376
U09|agent|deepseek-v4-pro|agent_v1|normal|1,U09,agent,deepseek-v4-pro,agent_v1,normal,1,unanswerable,easy,False,True,True,True,True,True,False,False,False,False,True,False,,3,2,4,False,False,final,4711,302,5013,0.00741444,7471,,,True,0.00056232
U10|direct|deepseek-v4-pro|direct_v1|normal|1,U10,direct,deepseek-v4-pro,direct_v1,normal,1,unanswerable,medium,False,True,True,True,True,True,False,False,False,True,True,False,,1,1,2,False,False,final,979,54,1033,0.0015061200000000001,3522,,,True,0.00037356
U10|agent|deepseek-v4-pro|agent_v1|normal|1,U10,agent,deepseek-v4-pro,agent_v1,normal,1,unanswerable,medium,False,True,True,True,True,True,False,False,False,False,True,False,,5,4,6,False,False,final,7676,353,8029,0.0115302,9247,,,True,0.00053988
L01|direct|deepseek-v4-pro|direct_v1|normal|2,L01,direct,deepseek-v4-pro,direct_v1,normal,2,lookup,easy,False,True,False,True,True,True,True,True,False,False,True,False,1.0,1,1,2,False,False,final,989,49,1038,0.00149952,2997,,,True,0.00037224000000000003
L01|agent|deepseek-v4-pro|agent_v1|normal|2,L01,agent,deepseek-v4-pro,agent_v1,normal,2,lookup,easy,False,True,False,True,True,True,True,True,False,False,True,False,1.0,2,1,3,False,False,final,3157,123,3280,0.00465432,4044,,,True,0.00036432
L02|direct|deepseek-v4-pro|direct_v1|normal|2,L02,direct,deepseek-v4-pro,direct_v1,normal,2,lookup,easy,False,True,False,True,True,True,True,True,False,False,True,False,1.0,1,1,2,False,False,final,992,50,1042,0.0015074399999999999,2595,,,True,0.00039204
L02|agent|deepseek-v4-pro|agent_v1|normal|2,L02,agent,deepseek-v4-pro,agent_v1,normal,2,lookup,easy,False,True,False,True,True,True,True,True,False,False,True,False,1.0,2,1,3,False,False,final,3165,124,3289,0.0046688400000000005,5025,,,True,0.00036960000000000004
L03|direct|deepseek-v4-pro|direct_v1|normal|2,L03,direct,deepseek-v4-pro,direct_v1,normal,2,lookup,easy,False,True,False,True,True,True,True,True,False,False,True,False,1.0,1,1,2,False,False,final,994,57,1051,0.0015378000000000002,2462,,,True,0.00037488
L03|agent|deepseek-v4-pro|agent_v1|normal|2,L03,agent,deepseek-v4-pro,agent_v1,normal,2,lookup,easy,False,True,False,True,True,True,True,True,False,False,True,False,1.0,2,1,3,False,False,final,3164,127,3291,0.0046794,4692,,,True,0.00037752
L04|direct|deepseek-v4-pro|direct_v1|normal|2,L04,direct,deepseek-v4-pro,direct_v1,normal,2,lookup,easy,False,True,False,True,True,True,True,True,False,False,True,False,1.0,1,1,2,False,False,final,994,52,1046,0.001518,2468,,,True,0.00039996000000000004
L04|agent|deepseek-v4-pro|agent_v1|normal|2,L04,agent,deepseek-v4-pro,agent_v1,normal,2,lookup,easy,False,True,False,True,True,True,True,True,False,False,True,False,1.0,2,1,3,False,False,final,3168,127,3295,0.00468468,4610,,,True,0.00037488
L05|direct|deepseek-v4-pro|direct_v1|normal|2,L05,direct,deepseek-v4-pro,direct_v1,normal,2,lookup,easy,False,True,False,True,True,True,True,True,False,False,True,False,1.0,1,1,2,False,False,final,994,52,1046,0.0015180000000000003,2758,,,True,0.000396
L05|agent|deepseek-v4-pro|agent_v1|normal|2,L05,agent,deepseek-v4-pro,agent_v1,normal,2,lookup,easy,False,True,False,True,True,True,True,True,False,False,True,False,1.0,2,1,3,False,False,final,3166,127,3293,0.00468204,4222,,,True,0.00039732
L06|direct|deepseek-v4-pro|direct_v1|normal|2,L06,direct,deepseek-v4-pro,direct_v1,normal,2,lookup,easy,False,True,False,True,True,True,True,True,False,False,True,False,1.0,1,1,2,False,False,final,993,49,1042,0.0015048000000000001,2316,,,True,0.00036696000000000005
L06|agent|deepseek-v4-pro|agent_v1|normal|2,L06,agent,deepseek-v4-pro,agent_v1,normal,2,lookup,easy,False,True,False,True,True,True,True,True,False,False,True,False,1.0,2,1,3,False,False,final,3165,123,3288,0.00466488,4316,,,True,0.00036696000000000005
L07|direct|deepseek-v4-pro|direct_v1|normal|2,L07,direct,deepseek-v4-pro,direct_v1,normal,2,lookup,easy,False,True,False,True,True,True,True,True,False,False,True,False,1.0,1,1,2,False,False,final,1000,60,1060,0.0015576000000000001,2550,,,True,0.00039732000000000005
L07|agent|deepseek-v4-pro|agent_v1|normal|2,L07,agent,deepseek-v4-pro,agent_v1,normal,2,lookup,easy,False,True,False,True,True,True,True,True,False,False,True,False,1.0,2,1,3,False,False,final,3174,129,3303,0.0047005200000000006,4286,,,True,0.00039864
L08|direct|deepseek-v4-pro|direct_v1|normal|2,L08,direct,deepseek-v4-pro,direct_v1,normal,2,lookup,medium,False,True,False,True,True,True,True,True,False,False,True,False,1.0,1,1,2,False,False,final,991,50,1041,0.0015061200000000001,2096,,,True,0.00037224000000000003
L08|agent|deepseek-v4-pro|agent_v1|normal|2,L08,agent,deepseek-v4-pro,agent_v1,normal,2,lookup,medium,False,True,False,True,True,True,True,True,False,False,True,False,0.6,2,1,3,False,False,final,3199,136,3335,0.004761240000000001,4514,,,True,0.0004356
L09|direct|deepseek-v4-pro|direct_v1|normal|2,L09,direct,deepseek-v4-pro,direct_v1,normal,2,lookup,medium,True,True,False,True,True,True,True,True,False,False,True,False,1.0,1,1,2,False,False,final,1003,71,1074,0.0016051200000000002,2921,,,True,0.00039468
L09|agent|deepseek-v4-pro|agent_v1|normal|2,L09,agent,deepseek-v4-pro,agent_v1,normal,2,lookup,medium,True,True,False,True,True,True,True,True,False,False,True,False,1.0,2,1,3,False,False,final,3174,138,3312,0.0047361600000000005,4070,,,True,0.00039996000000000004
L10|direct|deepseek-v4-pro|direct_v1|normal|2,L10,direct,deepseek-v4-pro,direct_v1,normal,2,lookup,medium,True,True,False,True,True,True,True,True,False,False,True,False,1.0,1,1,2,False,False,final,1016,70,1086,0.0016183200000000003,3119,,,True,0.00041844
L10|agent|deepseek-v4-pro|agent_v1|normal|2,L10,agent,deepseek-v4-pro,agent_v1,normal,2,lookup,medium,True,True,False,True,True,True,True,True,False,False,True,False,1.0,2,1,3,False,False,final,3193,139,3332,0.004765200000000001,4482,,,True,0.00044484000000000006
F01|direct|deepseek-v4-pro|direct_v1|normal|2,F01,direct,deepseek-v4-pro,direct_v1,normal,2,filter_agg,easy,False,True,False,True,True,True,True,True,False,False,True,False,1.0,1,1,2,False,False,final,991,57,1048,0.0015338400000000003,2470,,,True,0.00038676000000000004
F01|agent|deepseek-v4-pro|agent_v1|normal|2,F01,agent,deepseek-v4-pro,agent_v1,normal,2,filter_agg,easy,False,True,False,True,True,True,True,True,False,False,True,False,1.0,2,1,3,False,False,final,3159,122,3281,0.004653,3566,,,True,0.00038412
F02|direct|deepseek-v4-pro|direct_v1|normal|2,F02,direct,deepseek-v4-pro,direct_v1,normal,2,filter_agg,medium,False,True,False,True,True,True,True,True,False,False,True,False,1.0,1,1,2,False,False,final,1026,85,1111,0.0016909200000000003,2968,,,True,0.0004554
F02|agent|deepseek-v4-pro|agent_v1|normal|2,F02,agent,deepseek-v4-pro,agent_v1,normal,2,filter_agg,medium,False,True,False,True,True,True,True,True,False,False,True,False,1.0,2,1,3,False,False,final,3197,156,3353,0.0048378,3928,,,True,0.00045012
F03|direct|deepseek-v4-pro|direct_v1|normal|2,F03,direct,deepseek-v4-pro,direct_v1,normal,2,filter_agg,easy,False,True,False,True,True,True,True,True,False,False,True,False,1.0,1,1,2,False,False,final,995,58,1053,0.00154308,2519,,,True,0.00039863999999999996
F03|agent|deepseek-v4-pro|agent_v1|normal|2,F03,agent,deepseek-v4-pro,agent_v1,normal,2,filter_agg,easy,False,True,False,True,True,True,True,True,False,False,True,False,1.0,2,1,3,False,False,final,3160,121,3281,0.004650360000000001,4058,,,True,0.00038412
F04|direct|deepseek-v4-pro|direct_v1|normal|2,F04,direct,deepseek-v4-pro,direct_v1,normal,2,filter_agg,medium,False,True,False,True,True,True,True,True,False,False,True,False,1.0,1,1,2,False,False,final,999,63,1062,0.0015681600000000003,3116,,,True,0.00038280000000000003
F04|agent|deepseek-v4-pro|agent_v1|normal|2,F04,agent,deepseek-v4-pro,agent_v1,normal,2,filter_agg,medium,False,True,False,True,True,True,True,True,False,False,True,False,1.0,2,1,3,False,False,final,3170,129,3299,0.00469524,4454,,,True,0.00038148
F05|direct|deepseek-v4-pro|direct_v1|normal|2,F05,direct,deepseek-v4-pro,direct_v1,normal,2,filter_agg,easy,False,True,False,True,True,True,True,True,False,False,True,False,1.0,1,1,2,False,False,final,1008,70,1078,0.0016077600000000002,2545,,,True,0.00040788000000000006
F05|agent|deepseek-v4-pro|agent_v1|normal|2,F05,agent,deepseek-v4-pro,agent_v1,normal,2,filter_agg,easy,False,True,False,True,True,True,True,True,False,False,True,False,1.0,2,1,3,False,False,final,3173,132,3305,0.00471108,4459,,,True,0.00039864
F06|direct|deepseek-v4-pro|direct_v1|normal|2,F06,direct,deepseek-v4-pro,direct_v1,normal,2,filter_agg,easy,False,True,False,True,True,True,True,True,False,False,True,False,1.0,1,1,2,False,False,final,1008,73,1081,0.00161964,2809,,,True,0.00041183999999999996
F06|agent|deepseek-v4-pro|agent_v1|normal|2,F06,agent,deepseek-v4-pro,agent_v1,normal,2,filter_agg,easy,False,True,False,True,True,True,True,True,False,False,True,False,1.0,2,1,3,False,False,final,3181,143,3324,0.0047652,4429,,,True,0.00041712
F07|direct|deepseek-v4-pro|direct_v1|normal|2,F07,direct,deepseek-v4-pro,direct_v1,normal,2,filter_agg,medium,False,True,False,True,True,True,True,True,False,False,True,False,1.0,1,1,2,False,False,final,1002,67,1069,0.00158796,2888,,,True,0.00039072000000000005
F07|agent|deepseek-v4-pro|agent_v1|normal|2,F07,agent,deepseek-v4-pro,agent_v1,normal,2,filter_agg,medium,False,True,False,True,True,True,True,True,False,False,True,False,1.0,2,1,3,False,False,final,3172,133,3305,0.00471372,4355,,,True,0.00039204
F08|direct|deepseek-v4-pro|direct_v1|normal|2,F08,direct,deepseek-v4-pro,direct_v1,normal,2,filter_agg,hard,False,True,False,True,True,True,True,True,False,False,True,False,1.0,1,1,2,False,False,final,1027,95,1122,0.0017318400000000001,2916,,,True,0.00046595999999999996
F08|agent|deepseek-v4-pro|agent_v1|normal|2,F08,agent,deepseek-v4-pro,agent_v1,normal,2,filter_agg,hard,False,True,False,True,True,True,True,True,False,False,True,False,1.0,2,1,3,False,False,final,3230,164,3394,0.0049130400000000005,3543,,,True,0.00050556
F09|direct|deepseek-v4-pro|direct_v1|normal|2,F09,direct,deepseek-v4-pro,direct_v1,normal,2,filter_agg,medium,False,True,False,True,True,True,True,True,False,False,True,False,1.0,1,1,2,False,False,final,1002,66,1068,0.001584,2596,,,True,0.00039864
F09|agent|deepseek-v4-pro|agent_v1|normal|2,F09,agent,deepseek-v4-pro,agent_v1,normal,2,filter_agg,medium,False,True,False,True,True,True,True,True,False,False,True,False,1.0,2,1,3,False,False,final,3169,129,3298,0.00469392,4329,,,True,0.00038544
F10|direct|deepseek-v4-pro|direct_v1|normal|2,F10,direct,deepseek-v4-pro,direct_v1,normal,2,filter_agg,medium,True,True,False,True,True,True,True,True,False,False,True,False,1.0,1,1,2,False,False,final,1046,98,1144,0.0017688,3472,,,True,0.00046464
F10|agent|deepseek-v4-pro|agent_v1|normal|2,F10,agent,deepseek-v4-pro,agent_v1,normal,2,filter_agg,medium,True,True,False,True,True,True,True,True,False,False,True,False,1.0,2,1,3,False,False,final,3217,173,3390,0.00493152,4800,,,True,0.00046068
M01|direct|deepseek-v4-pro|direct_v1|normal|2,M01,direct,deepseek-v4-pro,direct_v1,normal,2,multi_hop,medium,False,True,False,True,True,True,True,True,False,False,True,False,0.75,1,1,2,False,False,final,1016,78,1094,0.00165,2635,,,True,0.00045803999999999994
M01|agent|deepseek-v4-pro|agent_v1|normal|2,M01,agent,deepseek-v4-pro,agent_v1,normal,2,multi_hop,medium,False,True,False,True,True,True,True,True,False,False,True,False,0.5,2,1,3,False,False,final,3211,164,3375,0.00488796,5004,,,True,0.00047388
M02|direct|deepseek-v4-pro|direct_v1|normal|2,M02,direct,deepseek-v4-pro,direct_v1,normal,2,multi_hop,medium,False,True,False,True,True,True,True,True,False,False,True,False,0.75,1,1,2,False,False,final,1026,86,1112,0.0016948800000000002,3370,,,True,0.00044484000000000006
M02|agent|deepseek-v4-pro|agent_v1|normal|2,M02,agent,deepseek-v4-pro,agent_v1,normal,2,multi_hop,medium,False,True,False,True,True,True,True,True,False,False,True,False,0.6,2,1,3,False,False,final,3228,170,3398,0.00493416,4622,,,True,0.0005148
M03|direct|deepseek-v4-pro|direct_v1|normal|2,M03,direct,deepseek-v4-pro,direct_v1,normal,2,multi_hop,medium,False,True,False,True,True,True,True,True,False,False,True,False,1.0,1,1,2,False,False,final,1017,70,1087,0.0016196400000000003,3416,,,True,0.00041844000000000007
M03|agent|deepseek-v4-pro|agent_v1|normal|2,M03,agent,deepseek-v4-pro,agent_v1,normal,2,multi_hop,medium,False,True,False,True,True,True,True,True,False,False,True,False,1.0,2,1,3,False,False,final,3191,143,3334,0.0047784,5095,,,True,0.00041976
M04|direct|deepseek-v4-pro|direct_v1|normal|2,M04,direct,deepseek-v4-pro,direct_v1,normal,2,multi_hop,hard,False,True,False,True,True,True,True,True,False,False,True,False,1.0,1,1,2,False,False,final,1048,98,1146,0.00177144,4204,,,True,0.00046068
M04|agent|deepseek-v4-pro|agent_v1|normal|2,M04,agent,deepseek-v4-pro,agent_v1,normal,2,multi_hop,hard,False,True,False,True,True,True,True,True,False,False,True,False,1.0,2,1,3,False,False,final,3221,166,3387,0.00490908,5301,,,True,0.0004554
M05|direct|deepseek-v4-pro|direct_v1|normal|2,M05,direct,deepseek-v4-pro,direct_v1,normal,2,multi_hop,hard,False,False,True,True,True,True,False,False,False,True,True,False,0.9230769230769231,1,1,2,False,False,final,1051,106,1157,0.00180708,3767,,query_generation,True,0.000462
M05|agent|deepseek-v4-pro|agent_v1|normal|2,M05,agent,deepseek-v4-pro,agent_v1,normal,2,multi_hop,hard,False,True,False,True,True,True,True,True,False,False,True,False,0.5,5,4,6,False,False,final,8222,453,8675,0.012646920000000002,10401,,,True,0.00044616
M06|direct|deepseek-v4-pro|direct_v1|normal|2,M06,direct,deepseek-v4-pro,direct_v1,normal,2,multi_hop,medium,False,True,False,True,True,True,False,False,False,False,True,False,0.875,1,1,2,False,False,final,1143,150,1293,0.0021027600000000004,3194,,,True,0.000627
M06|agent|deepseek-v4-pro|agent_v1|normal|2,M06,agent,deepseek-v4-pro,agent_v1,normal,2,multi_hop,medium,False,True,False,True,True,True,True,True,False,False,True,False,0.7,2,1,3,False,False,final,3319,217,3536,0.005240400000000001,5177,,,True,0.0006336
M07|direct|deepseek-v4-pro|direct_v1|normal|2,M07,direct,deepseek-v4-pro,direct_v1,normal,2,multi_hop,medium,False,False,True,True,True,True,False,False,False,True,True,False,0.8571428571428571,1,1,2,False,False,final,1037,91,1128,0.0017292000000000002,2737,,query_generation,True,0.00044352000000000004
M07|agent|deepseek-v4-pro|agent_v1|normal|2,M07,agent,deepseek-v4-pro,agent_v1,normal,2,multi_hop,medium,False,True,False,True,True,True,False,False,False,True,True,False,0.8571428571428571,6,4,7,False,True,final,10522,675,11197,0.01656204,13863,,,False,0.00044088000000000005
M08|direct|deepseek-v4-pro|direct_v1|normal|2,M08,direct,deepseek-v4-pro,direct_v1,normal,2,multi_hop,hard,False,True,False,True,True,True,True,True,False,False,True,False,0.8333333333333334,1,1,2,False,False,final,1016,61,1077,0.00158268,3033,,,True,0.00040392
M08|agent|deepseek-v4-pro|agent_v1|normal|2,M08,agent,deepseek-v4-pro,agent_v1,normal,2,multi_hop,hard,False,True,False,True,True,True,True,True,False,False,True,False,0.8333333333333334,2,1,3,False,False,final,3204,150,3354,0.00482328,5068,,,True,0.0004356
M09|direct|deepseek-v4-pro|direct_v1|normal|2,M09,direct,deepseek-v4-pro,direct_v1,normal,2,multi_hop,hard,False,False,True,True,True,True,False,False,False,True,True,False,0.9,1,1,2,False,False,final,1064,115,1179,0.00185988,3568,,query_generation,True,0.00048708000000000003
M09|agent|deepseek-v4-pro|agent_v1|normal|2,M09,agent,deepseek-v4-pro,agent_v1,normal,2,multi_hop,hard,False,False,False,True,True,True,True,True,False,False,True,False,0.7,4,3,5,False,False,final,6432,396,6828,0.0100584,7999,,answer_synthesis,True,0.00050292
M10|direct|deepseek-v4-pro|direct_v1|normal|2,M10,direct,deepseek-v4-pro,direct_v1,normal,2,multi_hop,hard,True,True,False,True,True,True,True,True,False,False,True,False,1.0,1,1,2,False,False,final,1071,117,1188,0.00187704,3090,,,True,0.00048048000000000003
M10|agent|deepseek-v4-pro|agent_v1|normal|2,M10,agent,deepseek-v4-pro,agent_v1,normal,2,multi_hop,hard,True,True,False,True,True,True,True,True,False,False,True,False,1.0,2,1,3,False,False,final,3251,194,3445,0.005059560000000001,4261,,,True,0.0004818
I01|direct|deepseek-v4-pro|direct_v1|normal|2,I01,direct,deepseek-v4-pro,direct_v1,normal,2,impact,medium,False,True,False,True,True,True,True,True,False,False,True,False,0.8888888888888888,1,1,2,False,False,final,1089,129,1218,0.0019483200000000003,2751,,,True,0.00049764
I01|agent|deepseek-v4-pro|agent_v1|normal|2,I01,agent,deepseek-v4-pro,agent_v1,normal,2,impact,medium,False,True,False,True,True,True,True,True,False,False,True,False,1.0,5,4,6,False,False,final,8077,447,8524,0.01243176,11067,,,True,0.00046332000000000003
I02|direct|deepseek-v4-pro|direct_v1|normal|2,I02,direct,deepseek-v4-pro,direct_v1,normal,2,impact,medium,False,True,False,True,True,True,True,True,False,False,True,False,0.875,1,1,2,False,False,final,1053,96,1149,0.00177012,2973,,,True,0.00045012
I02|agent|deepseek-v4-pro|agent_v1|normal|2,I02,agent,deepseek-v4-pro,agent_v1,normal,2,impact,medium,False,True,False,True,True,True,True,True,False,False,True,False,0.875,5,4,6,False,False,final,8675,471,9146,0.01331616,11197,,,True,0.00045936
I03|direct|deepseek-v4-pro|direct_v1|normal|2,I03,direct,deepseek-v4-pro,direct_v1,normal,2,impact,hard,False,True,False,True,True,True,True,True,False,False,True,False,1.0,1,1,2,False,False,final,1049,98,1147,0.0017727600000000002,2484,,,True,0.00045804
I03|agent|deepseek-v4-pro|agent_v1|normal|2,I03,agent,deepseek-v4-pro,agent_v1,normal,2,impact,hard,False,True,False,True,True,True,True,True,False,False,True,False,1.0,3,2,4,False,False,final,4665,209,4874,0.00698544,6743,,,True,0.00042768
I04|direct|deepseek-v4-pro|direct_v1|normal|2,I04,direct,deepseek-v4-pro,direct_v1,normal,2,impact,hard,False,False,False,True,True,True,False,False,False,True,True,False,0.7,1,1,2,False,False,final,1052,121,1173,0.0018678,3618,,query_generation,True,0.00047124
I04|agent|deepseek-v4-pro|agent_v1|normal|2,I04,agent,deepseek-v4-pro,agent_v1,normal,2,impact,hard,False,True,False,True,True,True,True,True,False,False,True,False,1.0,4,3,5,False,False,final,6896,438,7334,0.010837200000000002,9149,,,True,0.00071148
I05|direct|deepseek-v4-pro|direct_v1|normal|2,I05,direct,deepseek-v4-pro,direct_v1,normal,2,impact,hard,False,False,True,True,False,False,False,False,False,False,True,False,,0,0,2,False,False,final,990,34,1024,0.0014414400000000002,2834,,query_generation,True,0.00037752
I05|agent|deepseek-v4-pro|agent_v1|normal|2,I05,agent,deepseek-v4-pro,agent_v1,normal,2,impact,hard,False,True,False,True,True,True,False,False,False,True,True,False,0.5625,7,4,7,False,True,final,10976,764,11740,0.01751376,12977,,,False,0.00056364
I06|direct|deepseek-v4-pro|direct_v1|normal|2,I06,direct,deepseek-v4-pro,direct_v1,normal,2,impact,hard,False,False,False,True,True,True,False,False,False,False,True,False,0.7692307692307693,1,1,2,False,False,final,1109,151,1260,0.00206184,3627,,query_generation,True,0.00052008
I06|agent|deepseek-v4-pro|agent_v1|normal|2,I06,agent,deepseek-v4-pro,agent_v1,normal,2,impact,hard,False,True,False,True,True,True,True,True,False,False,True,False,1.0,4,3,5,False,False,final,6474,378,6852,0.01004256,9469,,,True,0.00047784
I07|direct|deepseek-v4-pro|direct_v1|normal|2,I07,direct,deepseek-v4-pro,direct_v1,normal,2,impact,hard,False,False,False,True,True,True,False,False,False,True,True,False,0.9230769230769231,1,1,2,False,False,final,1064,134,1198,0.00193512,3601,,query_generation,True,0.0004884
I07|agent|deepseek-v4-pro|agent_v1|normal|2,I07,agent,deepseek-v4-pro,agent_v1,normal,2,impact,hard,False,False,False,True,True,True,False,False,False,True,True,False,0.9230769230769231,8,4,8,False,True,max_steps,14914,786,15700,0.02279904,14330,,trajectory,True,0.0004356
I08|direct|deepseek-v4-pro|direct_v1|normal|2,I08,direct,deepseek-v4-pro,direct_v1,normal,2,impact,hard,False,False,False,True,True,True,False,False,False,False,True,False,1.0,1,1,2,False,False,final,1096,133,1229,0.0019734,3151,,query_generation,True,0.00051348
I08|agent|deepseek-v4-pro|agent_v1|normal|2,I08,agent,deepseek-v4-pro,agent_v1,normal,2,impact,hard,False,True,False,True,True,True,True,True,False,False,True,False,1.0,2,1,3,False,False,final,3278,206,3484,0.00514272,4968,,,True,0.00050952
I09|direct|deepseek-v4-pro|direct_v1|normal|2,I09,direct,deepseek-v4-pro,direct_v1,normal,2,impact,hard,False,False,False,True,True,True,False,False,False,False,True,False,1.0,1,1,2,False,False,final,1068,108,1176,0.00183744,3327,,query_generation,True,0.00046992
I09|agent|deepseek-v4-pro|agent_v1|normal|2,I09,agent,deepseek-v4-pro,agent_v1,normal,2,impact,hard,False,True,False,True,True,True,False,False,False,False,True,False,1.0,6,4,7,False,True,final,10988,852,11840,0.01787808,14147,,,False,0.00080388
I10|direct|deepseek-v4-pro|direct_v1|normal|2,I10,direct,deepseek-v4-pro,direct_v1,normal,2,impact,hard,True,False,False,True,True,True,False,False,False,True,True,False,0.9166666666666666,1,1,2,False,False,final,1039,100,1139,0.00176748,3335,,query_generation,True,0.00044616
I10|agent|deepseek-v4-pro|agent_v1|normal|2,I10,agent,deepseek-v4-pro,agent_v1,normal,2,impact,hard,True,True,False,True,True,True,False,True,False,False,True,False,0.9230769230769231,5,4,6,False,False,final,11507,788,12295,0.01830972,12424,,,True,0.0008989200000000001
U01|direct|deepseek-v4-pro|direct_v1|normal|2,U01,direct,deepseek-v4-pro,direct_v1,normal,2,unanswerable,easy,False,True,True,True,False,False,False,False,False,False,True,False,,0,0,2,False,False,final,968,40,1008,0.0014361600000000001,2927,,,True,0.000363
U01|agent|deepseek-v4-pro|agent_v1|normal|2,U01,agent,deepseek-v4-pro,agent_v1,normal,2,unanswerable,easy,False,True,True,True,True,True,False,False,False,False,True,False,,3,2,4,False,False,final,4722,279,5001,0.00733788,6287,,,True,0.0005412
U02|direct|deepseek-v4-pro|direct_v1|normal|2,U02,direct,deepseek-v4-pro,direct_v1,normal,2,unanswerable,easy,False,True,True,True,False,False,False,False,False,False,True,False,,0,0,2,False,False,final,966,34,1000,0.0014097600000000001,2759,,,True,0.00035376
U02|agent|deepseek-v4-pro|agent_v1|normal|2,U02,agent,deepseek-v4-pro,agent_v1,normal,2,unanswerable,easy,False,True,True,True,True,True,False,False,False,False,True,False,,2,1,3,False,False,final,3178,161,3339,0.00483252,4702,,,True,0.00044616
U03|direct|deepseek-v4-pro|direct_v1|normal|2,U03,direct,deepseek-v4-pro,direct_v1,normal,2,unanswerable,easy,False,True,True,True,False,False,False,False,False,False,True,False,,0,0,2,False,False,final,968,40,1008,0.0014361600000000001,2651,,,True,0.00037488
U03|agent|deepseek-v4-pro|agent_v1|normal|2,U03,agent,deepseek-v4-pro,agent_v1,normal,2,unanswerable,easy,False,True,True,True,True,True,False,False,False,False,True,False,,2,1,3,False,False,final,3198,196,3394,0.00499752,4927,,,True,0.0004963200000000001
U04|direct|deepseek-v4-pro|direct_v1|normal|2,U04,direct,deepseek-v4-pro,direct_v1,normal,2,unanswerable,medium,False,True,True,True,False,False,False,False,False,False,True,False,,0,0,2,False,False,final,966,38,1004,0.0014256,3106,,,True,0.00035904
U04|agent|deepseek-v4-pro|agent_v1|normal|2,U04,agent,deepseek-v4-pro,agent_v1,normal,2,unanswerable,medium,False,True,True,True,True,True,False,False,False,False,True,False,,3,2,4,False,False,final,4653,293,4946,0.00730224,6590,,,False,0.00050424
U05|direct|deepseek-v4-pro|direct_v1|normal|2,U05,direct,deepseek-v4-pro,direct_v1,normal,2,unanswerable,easy,False,True,True,True,False,False,False,False,False,False,True,False,,0,0,2,False,False,final,966,42,1008,0.00144144,2896,,,True,0.00036432
U05|agent|deepseek-v4-pro|agent_v1|normal|2,U05,agent,deepseek-v4-pro,agent_v1,normal,2,unanswerable,easy,False,True,True,True,True,True,False,False,False,False,True,False,,2,1,3,False,False,final,3234,218,3452,0.00513216,4763,,,True,0.00045012
U06|direct|deepseek-v4-pro|direct_v1|normal|2,U06,direct,deepseek-v4-pro,direct_v1,normal,2,unanswerable,medium,False,True,True,True,False,False,False,False,False,False,True,False,,0,0,2,False,False,final,962,33,995,0.0014005200000000002,2361,,,True,0.0003498
U06|agent|deepseek-v4-pro|agent_v1|normal|2,U06,agent,deepseek-v4-pro,agent_v1,normal,2,unanswerable,medium,False,True,True,True,True,True,False,False,False,False,True,False,,2,1,3,False,False,final,3188,174,3362,0.0048972,4745,,,True,0.00047520000000000006
U07|direct|deepseek-v4-pro|direct_v1|normal|2,U07,direct,deepseek-v4-pro,direct_v1,normal,2,unanswerable,easy,False,True,True,True,False,False,False,False,False,False,True,False,,0,0,2,False,False,final,966,35,1001,0.00141372,2417,,,True,0.000363
U07|agent|deepseek-v4-pro|agent_v1|normal|2,U07,agent,deepseek-v4-pro,agent_v1,normal,2,unanswerable,easy,False,True,True,True,True,True,False,False,False,False,True,False,,2,1,3,False,False,final,3186,187,3373,0.0049460400000000005,5026,,,True,0.00046596
U08|direct|deepseek-v4-pro|direct_v1|normal|2,U08,direct,deepseek-v4-pro,direct_v1,normal,2,unanswerable,medium,False,True,True,True,False,False,False,False,False,False,True,False,,0,0,2,False,False,final,960,36,996,0.00140976,2715,,,True,0.00035244
U08|agent|deepseek-v4-pro|agent_v1|normal|2,U08,agent,deepseek-v4-pro,agent_v1,normal,2,unanswerable,medium,False,True,True,True,True,True,False,False,False,False,True,False,,2,1,3,False,False,final,3178,171,3349,0.004872120000000001,6217,,,True,0.00046728
U09|direct|deepseek-v4-pro|direct_v1|normal|2,U09,direct,deepseek-v4-pro,direct_v1,normal,2,unanswerable,easy,False,True,True,True,False,False,False,False,False,False,True,False,,0,0,2,False,False,final,966,34,1000,0.0014097600000000001,4149,,,True,0.00035376
U09|agent|deepseek-v4-pro|agent_v1|normal|2,U09,agent,deepseek-v4-pro,agent_v1,normal,2,unanswerable,easy,False,True,True,True,True,True,False,False,False,False,True,False,,3,2,4,False,False,final,4711,287,4998,0.00735504,7402,,,True,0.0005359200000000001
U10|direct|deepseek-v4-pro|direct_v1|normal|2,U10,direct,deepseek-v4-pro,direct_v1,normal,2,unanswerable,medium,False,True,True,True,True,True,False,False,False,True,True,False,,1,1,2,False,False,final,978,47,1025,0.00147708,2602,,,True,0.00037224000000000003
U10|agent|deepseek-v4-pro|agent_v1|normal|2,U10,agent,deepseek-v4-pro,agent_v1,normal,2,unanswerable,medium,False,True,True,True,True,True,False,False,False,False,True,False,,5,4,6,False,False,final,7676,352,8028,0.01152624,9682,,,True,0.00053988
