config,category,runs,answer_correct,exec_correct (answerable),pass^k,avg_llm_calls,avg_queries,avg_tokens,cost_per_run_usd,cost_per_success_usd,avg_latency_s,n_failures,fail_schema_grounding,fail_query_generation,fail_trajectory,fail_answer_synthesis
direct,ALL,10,"0.80 [0.50, 1.00]","0.75 [0.50, 1.00]",0.8,2.0,0.7,1086,0.00163,0.00204,3.3,2,0,2,0,0
direct,lookup,2,"1.00 [1.00, 1.00]","1.00 [1.00, 1.00]",1.0,2.0,1.0,1050,0.00153,0.00153,3.6,0,0,0,0,0
direct,filter_agg,2,"1.00 [1.00, 1.00]","1.00 [1.00, 1.00]",1.0,2.0,1.0,1118,0.00172,0.00172,3.4,0,0,0,0,0
direct,multi_hop,2,"0.50 [0.00, 1.00]","0.50 [0.00, 1.00]",0.5,2.0,1.0,1126,0.00173,0.00346,3.2,1,0,1,0,0
direct,impact,2,"0.50 [0.00, 1.00]","0.50 [0.00, 1.00]",0.5,2.0,0.5,1133,0.00174,0.00348,3.2,1,0,1,0,0
direct,unanswerable,2,"1.00 [1.00, 1.00]",,1.0,2.0,0.0,1002,0.00142,0.00142,3.2,0,0,0,0,0
agent,ALL,10,"1.00 [1.00, 1.00]","0.88 [0.62, 1.00]",1.0,3.9,1.9,4999,0.00733,0.00733,6.6,0,0,0,0,0
agent,lookup,2,"1.00 [1.00, 1.00]","1.00 [1.00, 1.00]",1.0,3.0,1.0,3296,0.0047,0.0047,5.1,0,0,0,0,0
agent,filter_agg,2,"1.00 [1.00, 1.00]","1.00 [1.00, 1.00]",1.0,3.0,1.0,3374,0.00488,0.00488,4.9,0,0,0,0,0
agent,multi_hop,2,"1.00 [1.00, 1.00]","1.00 [1.00, 1.00]",1.0,4.5,2.5,5982,0.0087,0.0087,6.8,0,0,0,0,0
agent,impact,2,"1.00 [1.00, 1.00]","0.50 [0.00, 1.00]",1.0,5.0,3.0,7362,0.0111,0.0111,9.8,0,0,0,0,0
agent,unanswerable,2,"1.00 [1.00, 1.00]",,1.0,4.0,2.0,4980,0.00728,0.00728,6.2,0,0,0,0,0
